{
"stack_0001_DW_particles.mrcs!main": [1509083726.328793, "320 x 320", "Image Stack", 687, 281396224], 
"stack_0002_DW_particles.mrcs!main": [1509083726.580534, "320 x 320", "Image Stack", 690, 282625024], 
"stack_0003_DW_particles.mrcs!main": [1509083726.680083, "320 x 320", "Image Stack", 720, 294913024], 
"stack_0053_DW_particles.mrcs!main": [1509083726.828224, "320 x 320", "Image Stack", 665, 272385024], 
"test.mrc!main": [1509083726.934586, "100 x 100 x 2", "Image", 1, 81024], 
"test.mrcs!main": [1509083814.105004, "50 x 50", "Image Stack", 593, 5821024]
}